region,product_id,sale_amount_sum,sale_amount_mean,sale_ids
Central,2000,2714.0699999999997,1357.0349999999999,"[936, 1352]"
Central,2001,2020.52,505.13,"[632, 948, 1477, 1916]"
Central,2002,1732.0,1732.0,[1183]
Central,2003,385.18,385.18,[1573]
Central,2004,3894.45,1298.1499999999999,"[1253, 1784, 1856]"
Central,2005,343.02,343.02,[1845]
Central,2006,1386.0,346.5,"[350, 361, 770, 773]"
Central,2007,2683.59,894.5300000000001,"[403, 1511, 1748]"
Central,2008,159.81,79.905,"[143, 1551]"
Central,2009,185.67000000000002,92.83500000000001,"[228, 343]"
Central,2010,280.22,140.11,"[467, 1980]"
Central,2011,1638.96,546.32,"[1390, 1655, 1792]"
Central,2012,1682.61,560.87,"[557, 776, 1979]"
Central,2014,1206.8700000000001,603.4350000000001,"[62, 1585]"
Central,2015,1079.95,1079.95,[1365]
Central,2016,872.15,872.15,[1981]
Central,2017,1391.1,347.775,"[489, 896, 942, 1136]"
Central,2018,1084.52,542.26,"[754, 1955]"
Central,2019,933.93,933.93,[1621]
Central,2020,300.66,300.66,[1509]
Central,2021,3091.02,1545.51,"[1153, 1862]"
Central,2023,0.0,0.0,[1663]
Central,2024,372.81,372.81,[97]
Central,2025,1286.26,321.565,"[700, 1087, 1403, 1816]"
Central,2026,338.5,338.5,[944]
Central,2027,1034.44,517.22,"[271, 598]"
Central,2028,4848.35,1212.0875,"[593, 825, 1325, 1938]"
Central,2029,40.53,40.53,[1730]
Central,2030,747.87,373.935,"[1560, 1841]"
Central,2031,2656.91,664.2275,"[156, 447, 678, 1864]"
Central,2032,1702.08,567.36,"[411, 673, 1066]"
Central,2033,4348.5,2174.25,"[757, 1764]"
Central,2034,462.98,231.49,"[524, 950]"
Central,2035,2519.9700000000003,1259.9850000000001,"[1131, 1406]"
Central,2037,2448.95,816.3166666666666,"[1335, 1736, 1915]"
Central,2038,7782.68,1945.67,"[53, 407, 457, 808]"
Central,2039,6835.08,2278.36,"[354, 1168, 1418]"
Central,2041,4664.42,1554.8066666666666,"[3, 74, 1339]"
Central,2042,167.61,167.61,[1583]
Central,2044,581.22,193.74,"[121, 1375, 1752]"
Central,2045,1435.84,478.6133333333333,"[182, 1105, 1613]"
Central,2046,60.17,60.17,[1570]
Central,2048,715.26,238.42,"[243, 762, 829]"
Central,2050,896.54,448.27,"[1822, 1896]"
Central,2051,915.0999999999999,305.0333333333333,"[176, 422, 899]"
Central,2052,2925.04,1462.52,"[723, 1315]"
Central,2053,488.12,488.12,[1770]
Central,2054,3241.84,1620.92,"[1751, 1799]"
Central,2056,839.55,839.55,[151]
Central,2057,349.58,349.58,[1490]
Central,2058,4000.5,2000.25,"[1545, 1740]"
Central,2059,3584.35,1194.7833333333333,"[1, 1025, 1893]"
Central,2060,2981.17,496.8616666666667,"[104, 290, 844, 1171, 1192, 1837]"
Central,2061,639.74,639.74,[135]
Central,2062,7494.25,1249.0416666666667,"[25, 589, 615, 727, 1474, 1514]"
Central,2063,3093.78,1031.26,"[761, 1206, 1763]"
Central,2064,823.31,411.655,"[1394, 1761]"
Central,2065,2351.7,783.9,"[671, 980, 1458]"
Central,2066,3509.21,1754.605,"[1288, 1589]"
Central,2067,290.95,290.95,[1595]
Central,2068,5413.58,2706.79,"[358, 996]"
Central,2069,929.56,929.56,[1565]
Central,2070,54.69,18.23,"[96, 1005, 1074]"
Central,2071,1230.32,615.16,"[1175, 1840]"
Central,2072,1008.72,1008.72,[672]
Central,2073,1997.72,998.86,"[1462, 1920]"
Central,2074,3957.0,1978.5,"[72, 1894]"
Central,2075,6245.12,3122.56,"[696, 1797]"
Central,2076,1934.57,967.285,"[183, 1691]"
Central,2077,3820.44,955.11,"[541, 1018, 1460, 1802]"
Central,2078,1633.12,233.30285714285714,"[555, 640, 663, 904, 931, 1085, 1513]"
Central,2079,3992.2700000000004,1996.1350000000002,"[958, 1963]"
Central,2080,11651.64,1941.9399999999998,"[341, 793, 1049, 1198, 1207, 1349]"
Central,2082,719.82,239.94000000000003,"[891, 1002, 1779]"
Central,2083,3072.64,3072.64,[394]
Central,2084,563.7,563.7,[927]
Central,2085,968.6,484.3,"[488, 1569]"
Central,2086,4828.14,2414.07,"[611, 1732]"
Central,2087,318.64,106.21333333333332,"[652, 1276, 1960]"
Central,2088,3546.75,3546.75,[633]
Central,2089,2894.64,1447.32,"[656, 1165]"
Central,2091,5253.58,2626.79,"[30, 321]"
Central,2092,482.21,241.105,"[1221, 1924]"
Central,2093,1511.88,755.94,"[747, 868]"
Central,2094,493.35,493.35,[674]
Central,2095,8932.38,1786.4759999999999,"[109, 180, 294, 425, 1361]"
Central,2097,1431.57,715.785,"[310, 1245]"
Central,2098,4630.08,2315.04,"[188, 1529]"
Central,2099,1292.64,430.88000000000005,"[127, 216, 1152]"
East,2000,3877.24,3877.24,[1000]
East,2001,2721.5099999999998,388.78714285714284,"[126, 1124, 1135, 1187, 1498, 1806, 1961]"
East,2002,6495.0,1082.5,"[373, 436, 871, 1295, 1689, 1757]"
East,2003,7973.22,885.9133333333334,"[24, 560, 709, 838, 905, 1447, 1502, 1814, 1994]"
East,2004,15392.34,1924.0425,"[131, 150, 268, 451, 1089, 1249, 1381, 1534]"
East,2005,8318.34,924.26,"[16, 43, 693, 867, 886, 979, 1281, 1400, 1401]"
East,2006,2890.8,481.8,"[924, 1359, 1468, 1614, 1676, 1891]"
East,2007,6767.32,1127.8866666666665,"[435, 784, 857, 1234, 1367, 1538]"
East,2008,958.9,136.9857142857143,"[108, 307, 548, 758, 1364, 1536, 1754]"
East,2009,384.6,96.15,"[226, 986, 992, 1475]"
East,2010,373.63,74.726,"[179, 197, 1271, 1810, 1821]"
East,2011,5490.51,1098.102,"[716, 756, 775, 1256, 1826]"
East,2012,5234.79,1046.958,"[102, 364, 496, 641, 1596]"
East,2013,11037.25,1576.75,"[12, 396, 929, 1686, 1710, 1901, 1943]"
East,2014,7118.07,593.1725,"[160, 174, 374, 429, 545, 778, 877, 906, 946, 1546, 1713, 1860]"
East,2015,12014.470000000001,1716.3528571428574,"[878, 1504, 1539, 1673, 1729, 1827, 1947]"
East,2016,3553.22,444.1525,"[44, 101, 827, 945, 1598, 1693, 1831, 1847]"
East,2017,11777.98,1472.2475,"[269, 424, 853, 930, 1438, 1451, 1644, 1790]"
East,2018,14532.56,1117.8892307692308,"[63, 103, 159, 276, 949, 1054, 1147, 1284, 1347, 1489, 1703, 1795, 1800]"
East,2019,11300.54,1614.3628571428574,"[248, 490, 798, 879, 1071, 1386, 1889]"
East,2020,5975.6900000000005,853.6700000000001,"[510, 705, 964, 1149, 1323, 1632, 1808]"
East,2021,5847.87,1169.574,"[503, 1013, 1041, 1050, 1755]"
East,2022,14564.59,1324.0536363636363,"[220, 405, 444, 742, 802, 1226, 1326, 1414, 1557, 1610, 1931]"
East,2023,22736.87,2066.9881818181816,"[246, 286, 295, 406, 525, 1043, 1215, 1371, 1480, 1506, 1561]"
East,2024,1056.3,264.075,"[737, 1582, 1706, 1908]"
East,2025,4557.82,651.1171428571428,"[14, 133, 258, 1134, 1350, 1547, 1697]"
East,2026,1438.6,287.71999999999997,"[203, 547, 858, 1112, 1778]"
East,2027,2146.4700000000003,715.4900000000001,"[830, 1832, 1988]"
East,2028,11610.5,1451.3125,"[86, 263, 594, 916, 1030, 1095, 1230, 1251]"
East,2029,78.36,13.06,"[37, 69, 453, 739, 1237, 1319]"
East,2030,1767.69,589.23,"[323, 1307, 1975]"
East,2031,2487.3199999999997,1243.6599999999999,"[1299, 1331]"
East,2032,12481.92,2080.32,"[122, 239, 1137, 1139, 1341, 1699]"
East,2033,13380.0,1338.0,"[783, 822, 835, 1031, 1083, 1127, 1177, 1517, 1737, 1746]"
East,2034,1988.0900000000001,248.51125000000002,"[93, 199, 418, 669, 728, 1133, 1185, 1606]"
East,2035,6119.93,2039.9766666666667,"[171, 724, 1073]"
East,2036,3269.7,408.7125,"[254, 316, 393, 440, 1094, 1223, 1501, 1976]"
East,2037,9003.5,1500.5833333333333,"[88, 125, 132, 952, 1642, 1927]"
East,2038,15380.07,1708.8966666666665,"[94, 532, 746, 1659, 1667, 1692, 1769, 1878, 1933]"
East,2039,2343.46,2343.46,[523]
East,2040,694.25,86.78125,"[77, 289, 346, 370, 643, 702, 1070, 1329]"
East,2041,7720.42,1544.084,"[170, 333, 416, 706, 1327]"
East,2042,3251.63,406.45375,"[238, 471, 556, 856, 1045, 1415, 1607, 1611]"
East,2043,16333.51,2333.3585714285714,"[620, 834, 1269, 1305, 1431, 1724, 1949]"
East,2044,3881.7400000000002,485.21750000000003,"[190, 390, 639, 865, 1443, 1654, 1768, 1998]"
East,2045,499.42,249.71,"[928, 1939]"
East,2046,167.15,167.15,[1749]
East,2047,5393.18,674.1475,"[266, 694, 1553, 1581, 1617, 1801, 1866, 1991]"
East,2048,4971.06,828.5100000000001,"[462, 469, 1146, 1193, 1387, 2000]"
East,2049,7894.65,1315.7749999999999,"[123, 651, 676, 956, 1197, 1743]"
East,2050,2502.85,192.52692307692308,"[138, 326, 355, 498, 538, 579, 789, 932, 1024, 1379, 1420, 1838, 1902]"
East,2051,3038.59,276.23545454545456,"[48, 168, 501, 713, 837, 989, 1328, 1874, 1904, 1918, 1962]"
East,2052,7897.610000000001,987.2012500000001,"[381, 608, 688, 921, 1097, 1324, 1482, 1661]"
East,2053,6528.599999999999,1305.7199999999998,"[344, 461, 534, 1188, 1623]"
East,2054,6033.42,861.9171428571428,"[792, 963, 1695, 1711, 1839, 1912, 1953]"
East,2055,954.74,159.12333333333333,"[200, 213, 661, 1672, 1888, 1923]"
East,2056,8343.05,1191.8642857142856,"[46, 252, 301, 601, 1815, 1925, 1945]"
East,2057,7384.97,923.12125,"[349, 363, 442, 600, 721, 926, 1615, 1835]"
East,2058,15335.25,1179.6346153846155,"[36, 147, 385, 408, 491, 499, 563, 577, 816, 1196, 1688, 1756, 1941]"
East,2059,7117.5,1186.25,"[409, 446, 475, 717, 1164, 1423]"
East,2060,5839.83,729.97875,"[5, 9, 73, 280, 399, 1033, 1157, 1422]"
East,2061,3658.54,457.3175,"[861, 887, 1040, 1046, 1061, 1167, 1199, 1999]"
East,2062,11210.41,1245.601111111111,"[738, 807, 1209, 1213, 1227, 1258, 1455, 1787, 1985]"
East,2063,1767.8700000000001,589.2900000000001,"[666, 1850, 1917]"
East,2064,3734.3199999999997,622.3866666666667,"[454, 813, 1026, 1298, 1337, 1843]"
East,2065,5220.77,652.59625,"[91, 372, 434, 614, 832, 1145, 1444, 1885]"
East,2066,3612.42,722.484,"[368, 787, 796, 836, 1236]"
East,2067,1862.08,620.6933333333333,"[172, 1564, 1848]"
East,2068,9514.779999999999,1359.2542857142855,"[207, 468, 605, 862, 1019, 1404, 1525]"
East,2069,1022.52,511.26,"[320, 970]"
East,2070,492.18,54.68666666666667,"[57, 82, 85, 400, 426, 677, 943, 1017, 1174]"
East,2071,9534.98,1191.8725,"[365, 795, 845, 987, 1563, 1662, 1745, 1783]"
East,2072,4707.360000000001,588.4200000000001,"[50, 482, 506, 799, 1012, 1463, 1584, 1882]"
East,2073,3196.35,799.0875,"[1096, 1228, 1385, 1974]"
East,2074,3693.2,738.64,"[240, 356, 850, 1125, 1766]"
East,2075,23341.14,2121.9218181818183,"[40, 225, 631, 821, 1056, 1353, 1448, 1535, 1658, 1660, 1709]"
East,2076,12332.880000000001,2055.48,"[67, 528, 768, 1088, 1267, 1297]"
East,2077,9101.65,1011.2944444444444,"[173, 366, 515, 922, 1084, 1308, 1457, 1733, 1990]"
East,2078,2541.98,423.66333333333336,"[413, 1080, 1370, 1440, 1476, 1905]"
East,2079,16254.24,2031.78,"[54, 797, 973, 1009, 1159, 1292, 1609, 1929]"
East,2080,3162.59,1054.1966666666667,"[1373, 1532, 1544]"
East,2081,12685.74,1585.7175,"[128, 303, 335, 492, 549, 586, 1081, 1232]"
East,2082,4078.9800000000005,582.7114285714287,"[87, 233, 291, 644, 1437, 1527, 1921]"
East,2083,13750.06,1250.0054545454545,"[241, 376, 483, 626, 629, 1034, 1231, 1279, 1293, 1493, 1928]"
East,2084,3382.2,422.775,"[449, 550, 911, 1294, 1503, 1507, 1786, 1868]"
East,2085,2348.86,293.6075,"[617, 982, 1032, 1241, 1358, 1520, 1600, 1803]"
East,2086,16272.62,2712.1033333333335,"[253, 998, 1442, 1719, 1744, 1760]"
East,2087,3600.63,450.07875,"[116, 329, 443, 500, 621, 833, 1301, 1549]"
East,2088,12200.82,1355.6466666666665,"[32, 375, 1285, 1311, 1430, 1558, 1643, 1690, 1940]"
East,2089,6368.21,1273.642,"[10, 83, 565, 1417, 1521]"
East,2090,1418.46,202.63714285714286,"[242, 389, 575, 959, 1633, 1857, 1897]"
East,2091,13949.17,2324.8616666666667,"[318, 726, 841, 874, 1399, 1425]"
East,2092,4725.66,787.61,"[486, 759, 902, 1007, 1384, 1966]"
East,2093,12699.79,1587.47375,"[302, 767, 809, 1154, 1259, 1306, 1342, 1657]"
East,2094,3946.8,789.36,"[39, 163, 602, 962, 1287]"
East,2095,5300.53,883.4216666666666,"[140, 1107, 1166, 1873, 1930, 1989]"
East,2096,10217.14,1702.8566666666666,"[4, 790, 1120, 1190, 1680, 1952]"
East,2097,13220.970000000001,2644.1940000000004,"[347, 994, 1670, 1726, 1958]"
East,2098,5265.6,1053.1200000000001,"[92, 392, 1362, 1508, 1948]"
East,2099,6075.41,1518.8525,"[287, 890, 1091, 1191]"
North,2000,14442.72,2407.12,"[493, 864, 1068, 1090, 1378, 1863]"
North,2001,1896.81,948.405,"[27, 119]"
North,2002,866.0,866.0,[1542]
North,2003,3235.5099999999998,1078.5033333333333,"[1102, 1666, 1865]"
North,2004,5934.4,1978.1333333333332,"[840, 1471, 1936]"
North,2006,0.0,0.0,"[957, 1934]"
North,2007,3266.9799999999996,816.7449999999999,"[181, 712, 1445, 1971]"
North,2008,126.52000000000001,42.17333333333334,"[1103, 1180, 1767]"
North,2009,517.22,129.305,"[679, 914, 1235, 1257]"
North,2010,638.29,212.76333333333332,"[299, 1597, 1965]"
North,2011,3728.63,621.4383333333334,"[31, 846, 1618, 1807, 1861, 1906]"
North,2012,4860.88,972.176,"[149, 398, 1059, 1434, 1880]"
North,2013,5986.3,1995.4333333333334,"[260, 537, 635]"
North,2014,862.05,215.5125,"[895, 1608, 1781, 1849]"
North,2015,6142.2300000000005,1228.4460000000001,"[273, 293, 421, 668, 1123]"
North,2016,2874.88,958.2933333333334,"[325, 609, 938]"
North,2017,2643.09,528.618,"[204, 441, 1077, 1684, 1785]"
North,2018,5585.28,1396.32,"[90, 117, 509, 1640]"
North,2019,4202.69,840.5379999999999,"[196, 1169, 1395, 1855, 1913]"
North,2020,4246.88,1415.6266666666668,"[913, 1360, 1674]"
North,2021,4594.76,1531.5866666666668,"[1202, 1346, 1723]"
North,2022,1208.12,402.70666666666665,"[162, 1108, 1820]"
North,2023,5825.15,1941.7166666666665,"[298, 1242, 1356]"
North,2024,1627.94,325.588,"[80, 1211, 1278, 1567, 1907]"
North,2025,754.98,188.745,"[288, 884, 1058, 1111]"
North,2026,1057.8,352.59999999999997,"[450, 691, 983]"
North,2027,232.75,232.75,[791]
North,2028,7591.49,1084.4985714285715,"[6, 166, 322, 463, 971, 1687, 1886]"
North,2030,1427.75,475.9166666666667,"[735, 1246, 1461]"
North,2031,6161.77,1540.4425,"[554, 568, 675, 1255]"
North,2032,6619.200000000001,3309.6000000000004,"[47, 828]"
North,2033,5770.12,824.3028571428571,"[480, 654, 892, 1023, 1218, 1485, 1899]"
North,2034,217.87,217.87,[1494]
North,2035,1709.98,854.99,"[1620, 1728]"
North,2036,1743.84,435.96,"[257, 357, 362, 1619]"
North,2037,1440.56,720.28,"[529, 1098]"
North,2038,5095.81,1273.9525,"[42, 388, 566, 1665]"
North,2039,9959.68,2489.92,"[64, 1263, 1377, 1879]"
North,2040,183.06,36.612,"[508, 698, 753, 1369, 1637]"
North,2041,4825.26,1608.42,"[68, 863, 1224]"
North,2042,167.61,167.61,[915]
North,2043,2270.9700000000003,1135.4850000000001,"[26, 412]"
North,2044,1349.27,337.3175,"[282, 1122, 1357, 1424]"
North,2045,1623.1200000000001,811.5600000000001,"[161, 1935]"
North,2046,441.28000000000003,110.32000000000001,"[245, 420, 476, 972]"
North,2047,2612.84,870.9466666666667,"[265, 667, 848]"
North,2048,1394.7600000000002,697.3800000000001,"[2, 1037]"
North,2049,6672.860000000001,953.2657142857144,"[417, 584, 866, 990, 1160, 1332, 1804]"
North,2050,2185.33,728.4433333333333,"[153, 655, 1156]"
North,2051,93.86,46.93,"[552, 1825]"
North,2052,14332.7,2866.54,"[75, 327, 988, 1499, 1811]"
North,2053,12203.0,1743.2857142857142,"[18, 561, 839, 880, 903, 1622, 1656]"
North,2055,194.18,194.18,[1173]
North,2056,7346.08,1836.52,"[380, 539, 810, 1512]"
North,2057,2097.5,1048.75,"[309, 433]"
North,2058,3067.05,1022.35,"[209, 1340, 1351]"
North,2059,5325.32,1331.33,"[682, 965, 1216, 1486]"
North,2060,3593.74,598.9566666666666,"[224, 231, 401, 502, 564, 1487]"
North,2061,1559.38,779.69,"[377, 937]"
North,2062,14988.51,1873.56375,"[247, 811, 1556, 1579, 1664, 1669, 1932, 1997]"
North,2063,4640.66,1546.8866666666665,"[459, 1519, 1984]"
North,2064,3969.54,992.385,"[66, 495, 873, 1021]"
North,2065,4703.4,1567.8,"[369, 882, 1771]"
North,2066,4128.4800000000005,1376.16,"[681, 831, 1954]"
North,2067,3811.4399999999996,635.2399999999999,"[34, 465, 494, 638, 1217, 1222]"
North,2068,1968.58,984.29,"[1072, 1540]"
North,2069,1324.62,331.155,"[120, 511, 687, 780]"
North,2070,157.22,52.406666666666666,"[474, 1247, 1530]"
North,2071,5044.3099999999995,560.4788888888888,"[186, 526, 569, 925, 999, 1313, 1407, 1741, 1983]"
North,2072,1008.72,1008.72,[1628]
North,2073,4494.87,1123.7175,"[45, 184, 455, 947]"
North,2074,2638.0,2638.0,[1495]
North,2075,7025.76,2341.92,"[458, 714, 1022]"
North,2076,3224.28,1612.14,"[645, 1671]"
North,2077,5112.66,1022.5319999999999,"[11, 881, 1143, 1321, 1587]"
North,2078,695.8499999999999,347.92499999999995,"[603, 912]"
North,2079,11121.32,2224.264,"[250, 685, 1220, 1428, 1734]"
North,2080,7407.110000000001,1481.422,"[1020, 1303, 1472, 1679, 1772]"
North,2081,6268.25,1567.0625,"[155, 217, 660, 1240]"
North,2082,6451.72,716.8577777777778,"[167, 259, 975, 1151, 1210, 1599, 1647, 1809, 1872]"
North,2083,2458.12,1229.06,"[599, 1426]"
North,2084,281.85,140.925,"[1115, 1854]"
North,2085,3414.32,487.76000000000005,"[397, 460, 749, 923, 1668, 1700, 1842]"
North,2086,11712.710000000001,1952.1183333333336,"[106, 201, 680, 1266, 1548, 1720]"
North,2087,1115.24,557.62,"[1836, 1926]"
North,2088,709.35,354.675,"[105, 111]"
North,2089,1943.55,388.71,"[15, 955, 1104, 1182, 1265]"
North,2090,200.59,100.295,"[665, 908]"
North,2091,5887.63,1471.9075,"[985, 1044, 1194, 1829]"
North,2092,6461.610000000001,1292.3220000000001,"[28, 419, 991, 1055, 1898]"
North,2093,7257.040000000001,1209.506666666667,"[642, 751, 1029, 1289, 1591, 1871]"
North,2094,3453.45,1726.725,"[664, 1065]"
North,2095,10502.91,1500.4157142857143,"[148, 513, 558, 710, 847, 1233, 1239]"
North,2096,1344.36,672.18,"[129, 1973]"
North,2097,4968.39,1656.13,"[29, 157, 470]"
North,2098,12619.25,2523.85,"[221, 386, 981, 1875, 1911]"
North,2099,3877.92,1938.96,"[382, 1696]"
South,2001,989.64,989.64,[650]
South,2002,6754.8,2251.6,"[1184, 1823, 1914]"
South,2003,1386.65,693.325,"[7, 142]"
South,2004,3709.0,1854.5,"[1393, 1605]"
South,2005,1972.3899999999999,657.4633333333333,"[505, 782, 1048]"
South,2007,4083.73,2041.865,"[439, 464]"
South,2008,466.13,466.13,[715]
South,2009,517.22,129.305,"[535, 551, 1275, 1982]"
South,2010,778.4,389.2,"[917, 1649]"
South,2011,3195.9700000000003,798.9925000000001,"[22, 662, 683, 1967]"
South,2012,1682.61,1682.61,[267]
South,2013,1870.72,935.36,"[219, 711]"
South,2014,837.4200000000001,418.71000000000004,"[1634, 1937]"
South,2015,4049.82,1349.94,"[205, 849, 1701]"
South,2016,872.15,872.15,[1309]
South,2017,834.66,417.33,"[359, 1456]"
South,2018,1952.1399999999999,650.7133333333333,"[743, 1314, 1481]"
South,2019,933.93,933.93,[178]
South,2020,2405.31,601.3275,"[1028, 1243, 1704, 1812]"
South,2021,668.33,668.33,[212]
South,2022,4094.2,2047.1,"[893, 961]"
South,2023,2630.71,1315.355,"[518, 1900]"
South,2024,994.1600000000001,497.08000000000004,"[472, 933]"
South,2025,671.09,335.545,"[395, 1824]"
South,2026,211.56,211.56,[1876]
South,2027,1887.8600000000001,629.2866666666667,"[720, 1052, 1109]"
South,2028,4082.82,2041.41,"[137, 1578]"
South,2030,1529.73,382.4325,"[255, 348, 648, 1577]"
South,2031,904.48,904.48,[732]
South,2032,2269.44,1134.72,"[281, 466]"
South,2034,1089.36,544.68,"[1830, 1950]"
South,2035,899.99,899.99,[1796]
South,2036,2681.16,446.85999999999996,"[236, 402, 1067, 1630, 1631, 1851]"
South,2037,324.13,324.13,[1268]
South,2038,5929.67,1976.5566666666666,"[456, 646, 852]"
South,2039,878.8,878.8,[658]
South,2040,207.24,69.08,"[765, 919, 1788]"
South,2041,0.0,0.0,[1715]
South,2043,11616.880000000001,1936.1466666666668,"[567, 806, 898, 1101, 1528, 1956]"
South,2044,1100.17,366.72333333333336,"[689, 755, 1408]"
South,2045,842.78,842.78,[731]
South,2046,143.75,47.916666666666664,"[19, 311, 522]"
South,2047,1942.88,971.44,"[627, 1798]"
South,2048,1716.63,572.21,"[124, 544, 1758]"
South,2049,939.84,939.84,[1057]
South,2050,2166.65,541.6625,"[559, 618, 647, 997]"
South,2052,1170.02,585.01,"[1142, 1383]"
South,2053,3660.9,1830.45,"[934, 1813]"
South,2054,0.0,0.0,[1883]
South,2055,156.43,78.215,"[206, 514]"
South,2056,944.5,944.5,[1411]
South,2057,5637.03,805.29,"[613, 699, 1016, 1391, 1537, 1638, 1819]"
South,2058,4667.25,1555.75,"[580, 1421, 1469]"
South,2059,4608.45,1536.1499999999999,"[1189, 1427, 1675]"
South,2061,799.68,399.84,"[185, 1172]"
South,2062,2972.9300000000003,1486.4650000000001,"[779, 1010]"
South,2063,441.97,441.97,[619]
South,2064,2616.96,523.392,"[134, 249, 331, 818, 1708]"
South,2065,1787.29,893.645,"[1079, 1698]"
South,2066,1754.6,877.3,"[431, 1978]"
South,2067,1134.71,378.2366666666667,"[114, 193, 1344]"
South,2068,1476.43,738.215,"[95, 1707]"
South,2069,232.39,232.39,[79]
South,2070,167.48,83.74,"[1345, 1355]"
South,2071,1968.51,1968.51,[843]
South,2072,2731.95,910.65,"[222, 1100, 1264]"
South,2073,2247.44,1123.72,"[352, 1402]"
South,2074,4088.8999999999996,817.78,"[229, 1290, 1554, 1683, 1705]"
South,2075,4683.84,2341.92,"[786, 1995]"
South,2076,4836.42,2418.21,"[729, 939]"
South,2077,1797.86,1797.86,[1651]
South,2078,653.25,326.625,"[1128, 1942]"
South,2079,3707.1099999999997,1235.7033333333331,"[8, 338, 1117]"
South,2080,9987.119999999999,2496.7799999999997,"[622, 1467, 1533, 1555]"
South,2081,5671.2699999999995,1890.4233333333332,"[1201, 1492, 1968]"
South,2082,2399.4,799.8000000000001,"[328, 487, 1336]"
South,2083,2227.66,742.5533333333333,"[769, 1262, 1964]"
South,2084,901.92,450.96,"[1505, 1773]"
South,2085,0.0,0.0,[785]
South,2087,1752.52,438.13,"[152, 984, 1110, 1491]"
South,2088,0.0,0.0,[1138]
South,2089,4879.54,1219.885,"[473, 1078, 1214, 1543]"
South,2090,408.35,136.11666666666667,"[428, 968, 1616]"
South,2092,771.54,771.54,[477]
South,2093,755.94,755.94,[794]
South,2094,7202.91,1440.5819999999999,"[404, 452, 512, 733, 1731]"
South,2095,2453.9500000000003,1226.9750000000001,"[99, 1794]"
South,2096,3360.8999999999996,1680.4499999999998,"[23, 597]"
South,2097,6063.12,1515.78,"[110, 261, 1416, 1550]"
South,2098,8261.52,1652.304,"[1205, 1252, 1515, 1602, 1648]"
South-West,2000,5718.93,2859.465,"[1069, 1522]"
South-West,2004,3709.0,1854.5,"[1541, 1738]"
South-West,2005,0.0,0.0,[70]
South-West,2006,792.0,792.0,[1473]
South-West,2007,4667.12,1555.7066666666667,"[604, 1510, 1959]"
South-West,2008,399.54,199.77,"[164, 1006]"
South-West,2009,0.0,0.0,[1518]
South-West,2010,420.34000000000003,140.11333333333334,"[56, 1320, 1817]"
South-West,2011,819.48,819.48,[1646]
South-West,2012,1744.93,872.465,"[415, 1759]"
South-West,2013,4676.8,2338.4,"[876, 1330]"
South-West,2014,0.0,0.0,[596]
South-West,2015,6412.22,1282.444,"[38, 51, 139, 582, 1405]"
South-West,2016,4102.35,683.725,"[697, 1008, 1132, 1453, 1635, 1694]"
South-West,2017,741.92,741.92,[383]
South-West,2018,3036.66,1518.33,"[1559, 1652]"
South-West,2019,1494.28,747.14,"[1439, 1992]"
South-West,2020,2254.98,1127.49,"[353, 1176]"
South-West,2021,0.0,0.0,"[901, 1053]"
South-West,2022,2416.25,805.4166666666666,"[20, 542, 1086]"
South-West,2023,1503.26,1503.26,[576]
South-West,2024,919.6,459.8,"[771, 1531]"
South-West,2025,1733.6399999999999,866.8199999999999,"[817, 1775]"
South-West,2026,1269.3600000000001,423.12000000000006,"[55, 340, 1001]"
South-West,2027,0.0,0.0,[574]
South-West,2028,510.35,510.35,[1014]
South-West,2029,27.02,27.02,[634]
South-West,2030,1189.79,396.59666666666664,"[788, 1574, 1753]"
South-West,2031,4183.22,1394.4066666666668,"[342, 427, 1203]"
South-West,2032,3782.4,3782.4,[1571]
South-West,2033,2257.88,2257.88,[315]
South-West,2035,1709.98,569.9933333333333,"[187, 312, 1118]"
South-West,2036,2245.19,449.038,"[60, 772, 1106, 1334, 1996]"
South-West,2037,288.11,288.11,[606]
South-West,2038,4076.64,2038.32,"[625, 1970]"
South-West,2039,2636.39,2636.39,[215]
South-West,2040,193.42000000000002,64.47333333333334,"[748, 1150, 1389]"
South-West,2041,2171.37,2171.37,[1592]
South-West,2042,335.22,335.22,[804]
South-West,2043,9607.95,1921.5900000000001,"[237, 345, 766, 941, 1497]"
South-West,2044,1017.1400000000001,508.57000000000005,"[218, 800]"
South-West,2045,280.93,140.465,"[703, 842]"
South-West,2046,127.03,63.515,"[1714, 1944]"
South-West,2047,1406.92,351.73,"[17, 113, 478, 1993]"
South-West,2049,4981.150000000001,1660.3833333333334,"[585, 734, 1429]"
South-West,2050,915.22,305.0733333333333,"[208, 1092, 1722]"
South-West,2051,563.14,112.628,"[76, 360, 1435, 1523, 1765]"
South-West,2052,2120.65,530.1625,"[144, 826, 1277, 1777]"
South-West,2053,4515.11,2257.555,"[278, 1261]"
South-West,2054,7204.08,2401.36,"[177, 198, 210]"
South-West,2055,0.0,0.0,[718]
South-West,2056,2518.66,839.5533333333333,"[897, 1483, 1721]"
South-West,2057,2315.99,578.9975,"[300, 588, 918, 953]"
South-West,2058,666.75,666.75,[1601]
South-West,2059,1536.15,1536.15,[704]
South-West,2060,3675.42,1225.14,"[89, 805, 1727]"
South-West,2061,499.8,249.9,"[384, 1612]"
South-West,2062,3716.1600000000003,1858.0800000000002,"[484, 578]"
South-West,2064,294.04,294.04,[1986]
South-West,2065,1411.02,1411.02,[1119]
South-West,2066,2270.66,567.665,"[52, 1035, 1818, 1890]"
South-West,2068,2952.86,2952.86,[430]
South-West,2069,1533.77,766.885,"[1116, 1450]"
South-West,2070,88.87,29.623333333333335,"[35, 1244, 1588]"
South-West,2071,1845.48,1845.48,[1273]
South-West,2072,1260.9,1260.9,[191]
South-West,2073,2497.15,1248.575,"[612, 1076]"
South-West,2074,0.0,0.0,[33]
South-West,2075,1561.28,1561.28,[214]
South-West,2076,0.0,0.0,[540]
South-West,2077,1123.66,1123.66,[306]
South-West,2079,2661.51,1330.755,"[803, 1113]"
South-West,2080,12067.77,2413.554,"[49, 628, 1750, 1884, 1910]"
South-West,2081,596.98,298.49,"[304, 1316]"
South-West,2082,239.94,59.985,"[504, 954, 1208, 1454]"
South-West,2083,7067.07,1413.414,"[230, 763, 920, 1274, 1909]"
South-West,2084,1409.25,469.75,"[745, 995, 1225]"
South-West,2085,2082.5,694.1666666666666,"[889, 1432, 1844]"
South-West,2086,5364.6,2682.3,"[13, 1062]"
South-West,2087,127.46,63.73,"[1441, 1681]"
South-West,2089,3142.76,785.69,"[244, 379, 1155, 1272]"
South-West,2090,458.5,114.625,"[234, 885, 1409, 1859]"
South-West,2091,2717.37,2717.37,[855]
South-West,2092,3954.13,790.826,"[536, 960, 1212, 1368, 1398]"
South-West,2093,6047.52,1007.9200000000001,"[616, 750, 910, 1396, 1465, 1484]"
South-West,2094,5722.860000000001,1144.5720000000001,"[192, 1161, 1791, 1853, 1977]"
South-West,2095,3435.5299999999997,1717.7649999999999,"[1179, 1270]"
South-West,2096,5511.88,1377.97,"[637, 870, 1552, 1735]"
South-West,2098,4448.51,2224.255,"[1064, 1397]"
South-West,2099,1615.8,807.9,"[292, 824]"
West,2000,6591.3099999999995,2197.103333333333,"[270, 1372, 1641]"
West,2001,4535.85,1511.95,"[888, 1093, 1186]"
West,2003,2503.66,500.73199999999997,"[736, 819, 1318, 1639, 1867]"
West,2004,8901.6,1780.3200000000002,"[59, 145, 227, 367, 1163]"
West,2005,1200.58,600.29,"[1063, 1594]"
West,2006,1861.2,465.3,"[708, 774, 1200, 1413]"
West,2007,2858.61,952.87,"[692, 1260, 1291]"
West,2008,372.90000000000003,186.45000000000002,"[533, 907]"
West,2009,477.44,79.57333333333334,"[507, 520, 653, 764, 1410, 1604]"
West,2010,272.44,90.81333333333333,"[339, 530, 1466]"
West,2011,1229.22,1229.22,[527]
West,2012,3115.95,1557.975,"[146, 695]"
West,2013,19455.489999999998,3242.5816666666665,"[232, 701, 883, 1114, 1572, 1892]"
West,2014,1724.1,431.025,"[211, 1181, 1576, 1712]"
West,2015,674.97,674.97,[1805]
West,2016,1808.9099999999999,904.4549999999999,"[872, 1162]"
West,2017,2689.46,537.892,"[317, 869, 1015, 1250, 1254]"
West,2018,2169.04,1084.52,"[562, 1312]"
West,2019,2615.0,1307.5,"[332, 1593]"
West,2020,2593.23,648.3075,"[251, 623, 812, 1047]"
West,2021,4093.5099999999998,1364.5033333333333,"[592, 1586, 1957]"
West,2022,2684.72,1342.36,"[115, 1479]"
West,2023,7986.09,1597.218,"[189, 583, 1004, 1636, 1833]"
West,2024,472.23,236.115,"[1317, 1624]"
West,2025,3383.41,483.3442857142857,"[481, 684, 725, 741, 815, 1376, 1575]"
West,2026,423.12,423.12,[432]
West,2027,982.72,491.36,"[630, 1580]"
West,2028,5231.110000000001,1307.7775000000001,"[202, 445, 1003, 1419]"
West,2029,117.53999999999999,29.384999999999998,"[61, 175, 517, 1725]"
West,2030,1053.81,351.27,"[649, 1178, 1776]"
West,2031,4748.52,1582.8400000000001,"[387, 707, 1782]"
West,2032,11063.52,1843.92,"[118, 875, 951, 977, 1038, 1099]"
West,2033,836.25,836.25,[1629]
West,2034,326.81,326.81,[1869]
West,2035,3599.96,1799.98,"[448, 730]"
West,2036,1809.2399999999998,452.30999999999995,"[334, 587, 1144, 1716]"
West,2037,648.25,216.08333333333334,"[423, 1678, 1834]"
West,2038,10562.21,1508.8871428571426,"[336, 636, 1302, 1392, 1526, 1562, 1762]"
West,2039,1952.88,976.44,"[195, 1348]"
West,2040,435.2,108.8,"[223, 319, 1793, 1852]"
West,2041,4021.05,1005.2625,"[112, 414, 966, 976]"
West,2042,1173.27,391.09,"[158, 410, 1380]"
West,2043,873.45,873.45,[1626]
West,2044,373.64,373.64,[1280]
West,2045,1373.42,457.8066666666667,"[284, 1459, 1470]"
West,2046,501.45000000000005,100.29,"[165, 279, 744, 1141, 1789]"
West,2047,4388.24,877.6479999999999,"[141, 256, 1282, 1603, 1653]"
West,2048,4935.3,705.0428571428572,"[521, 531, 719, 781, 1296, 1363, 1449]"
West,2049,7988.639999999999,1597.7279999999998,"[308, 314, 823, 1322, 1524]"
West,2050,1681.02,560.34,"[1158, 1300, 1650]"
West,2051,1349.18,269.836,"[570, 1039, 1051, 1645, 1877]"
West,2052,3510.05,1755.025,"[58, 1366]"
West,2053,5003.23,1250.8075,"[264, 351, 1374, 1452]"
West,2054,8825.0,1470.8333333333333,"[297, 438, 573, 624, 1121, 1718]"
West,2055,140.24,70.12,"[860, 1742]"
West,2056,6978.780000000001,1163.13,"[81, 760, 1195, 1333, 1354, 1717]"
West,2057,6729.5,1345.9,"[935, 1248, 1500, 1739, 1881]"
West,2058,7534.27,1506.854,"[154, 194, 595, 1828, 1987]"
West,2059,921.69,460.845,"[65, 136]"
West,2060,4410.5,882.1,"[1082, 1286, 1412, 1568, 1590]"
West,2061,639.74,639.74,[740]
West,2062,2849.06,1424.53,"[591, 1685]"
West,2063,5966.57,1491.6425,"[275, 1129, 1858, 1922]"
West,2064,2293.51,764.5033333333334,"[851, 1846, 1972]"
West,2065,1881.36,1881.36,[262]
West,2066,6760.379999999999,1126.7299999999998,"[235, 296, 909, 969, 1170, 1625]"
West,2067,261.86,130.93,"[814, 1238]"
West,2068,7382.16,2460.72,"[657, 659, 1774]"
West,2069,1952.07,650.6899999999999,"[1036, 1310, 1969]"
West,2070,133.3,66.65,"[324, 330]"
West,2071,3383.38,1127.7933333333333,"[590, 1075, 1304]"
West,2072,3404.43,1134.81,"[479, 752, 854]"
West,2073,3995.44,1331.8133333333333,"[391, 670, 967]"
West,2074,7056.65,1764.1625,"[283, 337, 1338, 1464]"
West,2075,2654.1800000000003,884.7266666666668,"[581, 686, 1433]"
West,2076,5239.45,1047.8899999999999,"[820, 1060, 1388, 1436, 1780]"
West,2077,898.93,898.93,[940]
West,2078,383.43,191.715,"[277, 1126]"
West,2079,7889.49,1972.3725,"[497, 519, 722, 1229]"
West,2080,13565.85,2260.975,"[84, 1148, 1382, 1566, 1887, 1951]"
West,2081,7462.2,1865.55,"[274, 516, 777, 1677]"
West,2082,1732.9,433.225,"[130, 1042, 1516, 1946]"
West,2083,5838.0199999999995,1459.5049999999999,"[71, 801, 1870, 1903]"
West,2084,1099.22,366.4066666666667,"[100, 571, 1011]"
West,2085,1695.0500000000002,565.0166666666668,"[974, 1627, 1702]"
West,2086,7152.8,1788.2,"[607, 894, 1496, 1747]"
West,2087,1242.6999999999998,310.67499999999995,"[285, 378, 993, 1027]"
West,2088,0.0,0.0,"[900, 1204]"
West,2089,3225.46,1075.1533333333334,"[553, 1130, 1682]"
West,2090,487.15,162.38333333333333,"[1343, 1446, 1488]"
West,2091,4528.95,1132.2375,"[107, 169, 610, 1919]"
West,2093,1360.69,1360.69,[485]
West,2094,5377.52,768.2171428571429,"[313, 371, 543, 572, 1283, 1478, 1895]"
West,2095,1472.37,490.78999999999996,"[305, 437, 1140]"
West,2097,4378.92,2189.46,"[690, 859]"
West,2098,9986.46,3328.8199999999997,"[78, 546, 978]"
West,2099,7109.52,2369.84,"[98, 272, 1219]"
